timestamp,value,classification,date,mean_exec_price,total_usd,total_tokens,avg_fee,total_pnl,buy_ratio,crossed_ratio
1682919000,63,Greed,2023-05-01,1898.1333333333332,477.0,0.25129999999999997,0.0,0.0,1.0,1.0
1701754200,75,Extreme Greed,2023-12-05,11038.3,50005.83,11.80901,1.3890505555555555,0.0,0.7777777777777778,1.0
1702531800,72,Greed,2023-12-14,8031.868818181818,113203.35,4092.28901,2.5728028181818186,-205.43473700000007,0.45454545454545453,1.0
1702618200,70,Greed,2023-12-15,2.982,10609.95,3558.0,1.3262445,-24.632033999999997,1.0,1.0
1702704600,67,Greed,2023-12-16,0.3847066666666667,15348.77,39897.0,1.279063,0.0,1.0,1.0
1702791000,73,Greed,2023-12-17,802.5418592857143,116278.02,86246.4486,2.076392785714286,304.982785,0.21428571428571427,1.0
1702877400,65,Greed,2023-12-18,2178.1000000000004,31164.179999999997,14.306,3.8955225,0.0,1.0,1.0
1702963800,73,Greed,2023-12-19,447.8019113333333,91602.41,161546.30599999998,1.5267064,1000.5386120000001,0.3333333333333333,1.0
1703050200,74,Greed,2023-12-20,6.722871666666666,141636.79,174520.2,1.9671770555555557,162.732282,0.5555555555555556,1.0
1703136600,70,Greed,2023-12-21,91.84020408163265,125233.97,1364.3,0.6389483469387754,537.211402,0.4489795918367347,1.0
1703223000,74,Greed,2023-12-22,30692.8325,88874.28,2450.7491,2.2218566,141.832675,0.8,1.0
1703309400,70,Greed,2023-12-23,3.0702846153846153,78438.25,141665.4,1.5084273076923078,146.936704,0.38461538461538464,1.0
1703395800,71,Greed,2023-12-24,13680.54118025641,402954.94,284682.19608,2.5830439743589744,1008.619956,0.5384615384615384,1.0
1703482200,73,Greed,2023-12-25,2275.4,59948.51,26.3812,4.995708333333333,-245.081348,0.6666666666666666,1.0
1703655000,73,Greed,2023-12-27,0.37319214285714286,171411.06,455540.0,1.53045525,-704.8892269999999,0.5357142857142857,1.0
1703741400,73,Greed,2023-12-28,0.4032943478260869,100117.25,263752.0,1.0882304347826086,-970.730876,0.43478260869565216,1.0
1703827800,65,Greed,2023-12-29,3836.17816,569559.72,15843.60258,2.8477980200000004,508.92214299999995,0.62,1.0
1703914200,68,Greed,2023-12-30,13421.615271153847,702550.21,158399.89232,3.377644730769231,354.998648,0.38461538461538464,1.0
1704087000,65,Greed,2024-01-01,10373.330666666667,264239.52999999997,4178.78664,3.6699926111111107,-129.53146,0.5555555555555556,1.0
1704173400,71,Greed,2024-01-02,10199.892598764705,121348.74,208218.35486,1.7845397647058823,783.979116,0.5294117647058824,1.0
1704259800,70,Greed,2024-01-03,738.8837898507463,394499.36,64502.1274,1.4720121044776118,866.015507,0.47761194029850745,1.0
1704346200,68,Greed,2024-01-04,2212.62,99792.54000000001,45.0958,4.989626400000001,-67.60364,0.4,1.0
1704432600,72,Greed,2024-01-05,30495.46818181818,1703942.66,251.80766,6.4543278636363635,164.141565,0.4696969696969697,1.0
1704519000,70,Greed,2024-01-06,6586.107318181818,298521.4,7077.42664,3.3922882727272725,135.58166400000002,0.5,1.0
1704605400,71,Greed,2024-01-07,7513.911021649485,1048850.06,165182.52107,2.7032212783505156,-835.681235,0.5360824742268041,1.0
1704691800,71,Greed,2024-01-08,15078.63093734375,1522452.43,108119.81523000001,2.9735395625,-269.874439,0.3125,1.0
1704778200,76,Extreme Greed,2024-01-09,14127.109546714286,870051.97,129356.31168,2.9144704,-826.349863,0.4,0.9571428571428572
1704864600,73,Greed,2024-01-10,12914.76879230052,2057479.48,200302.43156,2.2489371243523317,-1517.091342,0.47668393782383417,0.6683937823834197
1704951000,76,Extreme Greed,2024-01-11,12141.70542857143,305314.1,846.43972,3.6127224285714283,-164.08950099999998,0.6190476190476191,1.0
1705037400,71,Greed,2024-01-12,39774.47142857143,200082.27,1542.27934,7.068675285714285,-1925.519024,0.7142857142857143,0.8571428571428571
1705296600,52,Neutral,2024-01-15,16738.085714285717,50636.1,1.43192,0.9037651428571428,152.85358,0.35714285714285715,1.0
1705383000,64,Greed,2024-01-16,19105.61008888889,116427.33,2608.18062,1.9243676666666667,-2299.171458,0.4444444444444444,0.7777777777777778
1705469400,60,Greed,2024-01-17,20112.302,800831.03,4055.02266,3.0133510566037733,813.2741110000001,0.5849056603773585,0.6792452830188679
1705555800,63,Greed,2024-01-18,24363.11304347826,424631.52999999997,93.72578,2.014302195652174,68.93319,0.391304347826087,0.5869565217391305
1705642200,51,Neutral,2024-01-19,14421.93125,428428.97,1754.7376,1.9385805833333334,-385.419235,0.6458333333333334,0.875
1705728600,52,Neutral,2024-01-20,14671.724672933962,1070090.51,256540.35666,2.5237979528301886,-146.57487000000003,0.5660377358490566,1.0
1705815000,56,Greed,2024-01-21,19141.940333454546,103129.74,44252.23533,2.343857272727273,266.58114600000005,0.2727272727272727,1.0
1705901400,55,Greed,2024-01-22,6179.383261176471,337878.99,156977.46867,0.7938619764705882,1375.640959,0.6,0.7294117647058823
1705987800,50,Neutral,2024-01-23,11768.913676111111,414518.93000000005,87110.23871,1.9049904444444445,-369.2447299999998,0.7333333333333333,0.6
1706074200,48,Neutral,2024-01-24,16861.48394732353,965084.59,48160.40059,3.3495749264705883,-2808.353815,0.39705882352941174,0.9852941176470589
1706160600,52,Neutral,2024-01-25,87.95416666666667,66566.13,756.8299999999999,2.773588666666667,-3093.6293849999997,0.0,1.0
1706247000,49,Neutral,2024-01-26,0.1198688,11773.21,95267.0,0.088847,90.2,0.8,0.6
1706419800,54,Neutral,2024-01-28,16.956,18109.03,1068.0,-0.03292509090909091,-2478.06972,0.0,0.0
1706506200,55,Greed,2024-01-29,15636.855511594595,414208.18,237603.48712,1.395440608108108,486.562542,0.28378378378378377,0.9864864864864865
1706592600,61,Greed,2024-01-30,27371.991836734695,401011.38,91.43791999999999,2.045975714285714,-173.65419100000003,0.5714285714285714,1.0
1706679000,60,Greed,2024-01-31,28200.90456028405,6305647.13,42786.30905,1.8037386204889407,-799.840817,0.5471478463329453,0.9906868451688009
1706765400,63,Greed,2024-02-01,0.07612616666666668,2008.18,44986.0,0.08367399999999998,0.0,1.0,1.0
1706851800,63,Greed,2024-02-02,15601.771341142858,474278.43,42139.736820000006,2.1802294285714288,456.423473,0.4523809523809524,0.7619047619047619
1706938200,60,Greed,2024-02-03,29939.640223214286,603820.0,9661.26755,1.9582562321428572,223.30918699999998,0.32142857142857145,0.8214285714285714
1707024600,60,Greed,2024-02-04,12108.636457142857,203187.53,20905.14109,1.4436251428571427,47.62389499999999,0.5428571428571428,0.8
1707111000,60,Greed,2024-02-05,15958.2223625,770198.26,29741.6286,2.299298125,-33.45419400000003,0.4583333333333333,0.9166666666666666
1707197400,64,Greed,2024-02-06,22118.307961134193,8047153.41,55455572.2847,0.9086461369485294,-215.615907,0.47610294117647056,0.5542279411764706
1707283800,62,Greed,2024-02-07,3.98582,6758.73,13261.9,0.022646200000000002,241.24212,0.4666666666666667,0.13333333333333333
1707370200,66,Greed,2024-02-08,10.0228845,26051.12,5609953.100000001,0.3002887,770.756024,0.2,0.4
1707629400,71,Greed,2024-02-11,17890.449081970586,212311.82,26558.56903,0.7339791764705882,983.443176,0.6764705882352942,0.6470588235294118
1707715800,70,Greed,2024-02-12,28717.7418125,227247.69999999998,1017.55939,1.6944944375,913.8817869999998,0.6875,0.5625
1707802200,79,Extreme Greed,2024-02-13,0.06054285714285714,1999.99,33158.0,-0.0028565714285714284,559.44389,0.0,0.0
1707888600,74,Greed,2024-02-14,5443.060992846847,320839.88,160839.68529,0.20646372972972976,3830.599833,0.3063063063063063,0.5675675675675675
1707975000,72,Greed,2024-02-15,2750.1658545873015,185188.04,48598.78529,0.4874015396825397,1840.797677,0.8253968253968254,0.42857142857142855
1708061400,72,Greed,2024-02-16,696.7813038571429,564896.51,12368863.14415,0.14958884615384616,5491.768834,0.6318681318681318,0.22527472527472528
1708147800,76,Extreme Greed,2024-02-17,3403.646719574468,406118.07,222280.10915,0.6601601382978723,1929.6418,0.5319148936170213,0.574468085106383
1708234200,72,Greed,2024-02-18,3.395497731958763,157048.17,172143.4,-0.032380670103092785,477.6248299999999,0.3917525773195876,0.0
1708320600,75,Extreme Greed,2024-02-19,2068.0068288118814,286377.2,272054.00084,0.14705564356435644,4317.768563,0.40594059405940597,0.2871287128712871
1708407000,72,Greed,2024-02-20,2681.8062438974357,119419.72,69782.00042,0.07881217948717949,3263.628824,0.3333333333333333,0.358974358974359
1708493400,78,Extreme Greed,2024-02-21,27.589205454545457,108047.51999999999,171181.54,0.13502859090909092,1858.7985700000002,0.3181818181818182,0.2727272727272727
1708579800,74,Greed,2024-02-22,1175.5737064772727,373033.87,169921.40042,0.28923386363636366,3894.1050699999996,0.3977272727272727,0.5
1708666200,76,Extreme Greed,2024-02-23,725.5068307692308,111106.14,43567.40042,-0.014455027972027973,1418.55293,0.916083916083916,0.02097902097902098
1708839000,74,Greed,2024-02-25,0.5663259999999999,4480.13,7900.0,-0.01792,-30.7705,0.4,0.0
1708925400,72,Greed,2024-02-26,5.614911538461539,192187.14,67296.0,-0.002505769230769226,4416.8473,0.6923076923076923,0.28205128205128205
1709011800,79,Extreme Greed,2024-02-27,36.161129396825395,209362.3,117294.88,-0.05970807936507937,888.511733,0.5238095238095238,0.1111111111111111
1709098200,82,Extreme Greed,2024-02-28,1.2982939111111111,171107.13,8904445.6,-0.030603377777777777,2503.747235,0.6888888888888889,0.13333333333333333
1709184600,80,Extreme Greed,2024-02-29,11.306912146551724,395666.73,7553065.18,0.01171625,9813.996992,0.5172413793103449,0.1724137931034483
1709271000,80,Extreme Greed,2024-03-01,2.725657408759124,472974.7,25984676.0,-0.00399163503649635,8244.241409,0.27007299270072993,0.051094890510948905
1709357400,80,Extreme Greed,2024-03-02,0.8005309032258064,63197.56,651733.0,-0.0151331935483871,230.90060000000005,0.9032258064516129,0.22580645161290322
1709443800,83,Extreme Greed,2024-03-03,3.0333498607594938,390745.68,48774887.74,-0.031735481012658225,8361.086245,0.45569620253164556,0.05063291139240506
1709530200,82,Extreme Greed,2024-03-04,419.88134141,1577996.87,36892599.52038,-0.0018648299999999998,27799.775742,0.5366666666666666,0.29333333333333333
1709616600,90,Extreme Greed,2024-03-05,0.3816785944444444,841810.32,44987293.0,-0.024658105555555556,19791.026041,0.3055555555555556,0.2111111111111111
1709703000,75,Extreme Greed,2024-03-06,1.7171503902439025,327218.02,10955146.0,-0.04091851219512195,6814.825139,0.5975609756097561,0.13414634146341464
1709875800,81,Extreme Greed,2024-03-08,2.9131835970149256,183583.18,3448270.8,-0.0548004328358209,4271.886236,0.2835820895522388,0.0
1709962200,84,Extreme Greed,2024-03-09,15.9975568974359,658178.75,17984276.7,0.015827042735042738,9949.501624,0.7094017094017094,0.24786324786324787
1710048600,79,Extreme Greed,2024-03-10,34.630716666666665,219973.85,32040.08,0.05431123809523809,2482.9272,0.9047619047619048,0.07142857142857142
1710135000,82,Extreme Greed,2024-03-11,2.647672619047619,176519.44999999998,139371.0,0.2017354761904762,3588.179495,0.2857142857142857,0.0
1710221400,81,Extreme Greed,2024-03-12,9.235375,103040.85,11404.0,0.618244125,3039.166,0.125,0.0
1710307800,81,Extreme Greed,2024-03-13,3979.957142857143,6000.799999999999,1.5126,0.30003971428571424,0.0,1.0,1.0
1710394200,88,Extreme Greed,2024-03-14,252.0171572222222,205933.18,563982.3126000001,0.6509328888888889,3465.865832,0.1111111111111111,0.05555555555555555
1710480600,83,Extreme Greed,2024-03-15,502.81406972580646,351894.41,11725690.8947,0.7981452096774193,6236.513651,0.41935483870967744,0.4838709677419355
1710567000,81,Extreme Greed,2024-03-16,2750.4022475,37223.66,1112354.4242,1.316035,228.57984,0.625,0.75
1710653400,79,Extreme Greed,2024-03-17,2191.606,99506.95,573.1383000000001,1.4679708260869564,503.293955,0.782608695652174,0.782608695652174
1710739800,77,Extreme Greed,2024-03-18,2238.5484684210523,90458.08,19900.3233,1.3128042105263156,1456.9577,0.6842105263157895,0.9473684210526315
1710826200,79,Extreme Greed,2024-03-19,575.3537,219884.84,176263.0849,1.0828463333333334,668.797973,0.7083333333333334,0.25
1710912600,74,Greed,2024-03-20,193.64368536231885,215705.85,197774.3712,0.5779541739130435,6423.134599,0.42028985507246375,0.37681159420289856
1710999000,78,Extreme Greed,2024-03-21,124.34982285714285,117895.57,160612.8186,0.5855267857142857,2335.5080749999997,0.9285714285714286,0.17857142857142858
1711258200,74,Greed,2024-03-24,8.960757894736842,92592.20999999999,10235.8,0.4678335263157895,1297.018477,0.7894736842105263,0.0
1711344600,75,Extreme Greed,2024-03-25,3582.2999999999997,57116.32,15.9576,2.855816,1302.916428,0.0,1.0
1711431000,81,Extreme Greed,2024-03-26,219.49172627118645,198565.19,33445.2556,0.238537313559322,3215.906593,0.06779661016949153,0.1271186440677966
1711517400,83,Extreme Greed,2024-03-27,13627.738306315789,99864.79,13722.38876,0.8346829473684211,150.41114,0.5,0.868421052631579
1711603800,80,Extreme Greed,2024-03-28,803.983042,35323.72,398571.7446,0.6968637692307692,227.85100799999998,0.9230769230769231,0.3076923076923077
1711690200,79,Extreme Greed,2024-03-29,3541.54,86914.37,24.4455,2.028002,883.097404,0.6,1.0
1711776600,75,Extreme Greed,2024-03-30,0.19727666666666666,101103.92,517830.0,0.22087675555555555,1100.57514,0.022222222222222223,0.06666666666666667
1711863000,75,Extreme Greed,2024-03-31,3627.730769230769,39912.96,11.002400000000002,1.0745786153846155,912.786145,0.0,1.0
1711949400,79,Extreme Greed,2024-04-01,1332.2278167402596,339470.47,9563430.3674,1.087680025974026,2507.963406,0.4155844155844156,0.6493506493506493
1712035800,79,Extreme Greed,2024-04-02,3060.7089024390243,239664.50999999998,5958.1049,1.9544530243902436,883.760812,0.24390243902439024,0.9024390243902439
1712122200,71,Greed,2024-04-03,8.3283,16887.57,2310.0,0.41530025,126.7884,0.75,0.0
1712208600,70,Greed,2024-04-04,3401.434375,95987.73,28.284299999999998,1.0498651562499999,0.0,0.0,1.0
1712295000,79,Extreme Greed,2024-04-05,330.28005890000003,503791.8,208515.2373,1.03430138,10706.484306,0.17,0.24
1712381400,75,Extreme Greed,2024-04-06,3328.08125,68223.67,20.4808,1.4923923125,236.33513399999998,0.0,1.0
1712467800,78,Extreme Greed,2024-04-07,3398.0043478260873,49988.14,14.7128,0.7606889130434782,0.0,0.0,1.0
1712554200,76,Extreme Greed,2024-04-08,3295.5374166666666,211940.64,11492.048999999999,2.0596849333333336,1218.4267,0.03333333333333333,0.9333333333333333
1712640600,80,Extreme Greed,2024-04-09,3501.3000000000006,57063.840000000004,16.2979,6.657447,0.0,0.0,1.0
1712727000,78,Extreme Greed,2024-04-10,3433.4707317073166,351735.97,102.5007,3.002623463414634,5207.443414,0.975609756097561,1.0
1712813400,76,Extreme Greed,2024-04-11,3521.2125,76400.96,21.5697,1.6712705625,389.743164,0.875,1.0
1712899800,79,Extreme Greed,2024-04-12,555.2924815968992,442088.59,21920455.0583,0.7562858527131783,-592.6458390000001,0.3333333333333333,0.5116279069767442
1712986200,72,Greed,2024-04-13,658.6612459887641,486411.25,7766240.200999999,1.337069393258427,6621.451755,0.5168539325842697,0.5842696629213483
1713072600,72,Greed,2024-04-14,1787.6264255140186,659162.17,120136.0098,1.995115925233645,-36104.012520000004,0.42990654205607476,0.6728971962616822
1713159000,74,Greed,2024-04-15,230.87443634146342,291111.19,262459.9098,0.9914781463414633,3774.08872,0.43902439024390244,0.12195121951219512
1713245400,65,Greed,2024-04-16,0.8237938510638297,181907.17,239273.0,0.3927167021276596,2467.702221,0.6595744680851063,0.10638297872340426
1713331800,67,Greed,2024-04-17,4.993378571428572,97562.99,19114.0,0.7586402142857143,2441.4683999999997,0.9285714285714286,0.5
1713504600,66,Greed,2024-04-19,3065.0228571428574,337257.92000000004,109.9409,3.372578857142857,1946.4454620000001,0.14285714285714285,1.0
1713591000,66,Greed,2024-04-20,285.09828863636363,60733.24,363824.8279,5.5131385,0.0,0.9090909090909091,0.7727272727272727
1713763800,73,Greed,2024-04-22,3202.222222222222,47993.61,14.9861,1.8664182222222223,0.0,0.0,1.0
1713850200,71,Greed,2024-04-23,2616.430871212121,233054.9,187970.3303,1.0804314545454545,1119.536196,0.5606060606060606,0.8181818181818182
1713936600,72,Greed,2024-04-24,3230.17,141275.24,43.8207,2.4723157999999996,279.185907,0.65,1.0
1714023000,72,Greed,2024-04-25,251.67034283783786,120241.01,388643.183,2.16431772972973,0.0,1.0,1.0
1714109400,70,Greed,2024-04-26,0.12152,4988.290000000001,41052.0,0.581966,0.0,0.0,1.0
1714195800,67,Greed,2024-04-27,3258.651851851852,154264.47,47.3826,1.999724074074074,4281.488139,0.0,1.0
1714282200,65,Greed,2024-04-28,451.9867443103448,43985.6,137073.191,0.26543010344827583,0.0,0.0,1.0
1714368600,67,Greed,2024-04-29,2245.884760888889,108699.01,32635.166100000002,0.8454362222222221,526.9338359999999,0.5333333333333333,1.0
1714455000,67,Greed,2024-04-30,3023.15,125018.75,41.3869,1.8231895833333331,0.0,1.0,1.0
1714541400,54,Neutral,2024-05-01,2916.8142857142857,87025.45,29.825,2.175636285714286,0.0,1.0,1.0
1714714200,48,Neutral,2024-05-03,1960.4601549999998,282682.64999999997,42527.4724,2.7475189166666665,5306.017045,0.08333333333333333,0.9444444444444444
1714800600,67,Greed,2024-05-04,2089.1695403333333,58998.75,579928.2829,2.2943954444444445,0.0,0.0,1.0
1714887000,69,Greed,2024-05-05,2099.545833333333,24068.350000000002,15.6288,1.4021296666666665,0.916,0.16666666666666666,0.8333333333333334
1714973400,71,Greed,2024-05-06,3109.866666666667,206016.43,66.07939999999999,8.011749555555555,968.59038,0.8888888888888888,1.0
1715059800,68,Greed,2024-05-07,1715.215231,108717.58,619867.0196,2.1132811666666664,883.537693,0.3333333333333333,0.9444444444444444
1715146200,64,Greed,2024-05-08,2312.7117384615385,65973.57,239.8835,1.7751404615384616,1.56576,0.9230769230769231,0.9230769230769231
1715232600,55,Greed,2024-05-09,2667.6832657142854,221966.12,34670.3984,2.7745761428571427,1147.595856,0.32142857142857145,1.0
1715319000,66,Greed,2024-05-10,2946.254545454545,156882.0,53.3457,2.4958495454545453,2101.741695,0.7272727272727273,1.0
1715405400,53,Neutral,2024-05-11,2922.511111111111,63248.95,21.6418,2.459680555555556,251.604742,0.0,1.0
1715491800,56,Greed,2024-05-12,1272.34931,55179.56,34544.4206,0.8396882173913044,0.0,0.7391304347826086,1.0
1715578200,57,Greed,2024-05-13,2635.7705885714286,193118.9,31390.7581,2.4139856785714287,2136.853859,0.17857142857142858,1.0
1715664600,66,Greed,2024-05-14,2912.1304347826085,145853.4,50.1051,2.219508043478261,1150.5233050000002,1.0,1.0
1715751000,64,Greed,2024-05-15,2930.625,234922.57,80.1172,2.2839690833333335,948.970582,0.3055555555555556,1.0
1715837400,70,Greed,2024-05-16,2656.364285925926,162620.96,26494.2319,2.108048888888889,214.5898,0.5185185185185185,1.0
1716010200,73,Greed,2024-05-18,3123.796,126303.14,40.4257,1.7682436799999999,3522.3946610000003,0.28,1.0
1716096600,72,Greed,2024-05-19,3079.425,29998.09,9.7416,1.3124158750000001,0.0,1.0,1.0
1716183000,70,Greed,2024-05-20,2156.14175,38124.75,640.7617,1.3343662,-74.818442,0.7,1.0
1716269400,76,Extreme Greed,2024-05-21,14134.35288,1100948.59,17074.50976,3.0826555520000003,7289.397571999999,0.232,1.0
1716355800,76,Extreme Greed,2024-05-22,3733.3333333333335,44995.29,12.0525,2.6247248333333335,0.0,0.0,1.0
1716442200,76,Extreme Greed,2024-05-23,1108.603136243077,401850.6,2935200.9914,0.34901562769230765,413.347329,0.5815384615384616,0.6861538461538461
1716528600,74,Greed,2024-05-24,3844.4,50811.899999999994,13.2158,8.8920825,821.949278,0.0,1.0
1716615000,76,Extreme Greed,2024-05-25,469.7218425,29991.129999999997,8573.662,0.6404304375000001,14.126038999999999,0.4375,0.875
1716701400,75,Extreme Greed,2024-05-26,496.56757500000003,53976.67,5659.602,1.1730119374999999,778.6839,0.125,0.9375
1716787800,74,Greed,2024-05-27,33.197340745019915,151115.72,1411508.5206,0.18259946613545816,1129.35587,0.3705179282868526,0.8326693227091634
1716960600,72,Greed,2024-05-29,4235.211447786585,84268.76,226315.75152,0.22485731097560974,277.791953,0.40853658536585363,0.8170731707317073
1717047000,73,Greed,2024-05-30,20348.618645714287,2838.09,565.27578,0.1419037142857143,20.951433,0.7142857142857143,1.0
1717133400,73,Greed,2024-05-31,2.152072923076923,3636.14,86903.8,0.09789584615384615,25.35812,0.3076923076923077,1.0
1717219800,72,Greed,2024-06-01,1.1308718,12834.62,499938.0,0.17968424,91.510419,0.36,1.0
1717306200,73,Greed,2024-06-02,1.0599227956989248,29464.51,31288.5,0.08379475268817205,192.906947,0.3655913978494624,0.46236559139784944
1717392600,73,Greed,2024-06-03,1.3030562857142858,21466.86,19199.3,0.07682979999999999,562.808208,0.6285714285714286,0.38571428571428573
1717479000,73,Greed,2024-06-04,13394.864554716982,24243.41,2483.33818,0.1402443962264151,52.211438,0.4716981132075472,0.6981132075471698
1717565400,75,Extreme Greed,2024-06-05,2682.9926944444446,25350.77,2452.07392,0.13155666666666668,56.055506,0.3148148148148148,0.6111111111111112
1717651800,78,Extreme Greed,2024-06-06,30.647596965811967,137557.76,71093.724,0.15845907692307692,274.173187,0.4358974358974359,0.7222222222222222
1717738200,77,Extreme Greed,2024-06-07,1232.3513694545454,1098588.76,272861.1558,0.8476424181818182,8902.467416,0.4113636363636364,0.8568181818181818
1717824600,72,Greed,2024-06-08,10513.408993103449,97351.88,2425.2625000000003,1.1749357586206897,129.13883900000002,0.7241379310344828,1.0
1717911000,75,Extreme Greed,2024-06-09,1091.865705882353,22410.22,479.66769999999997,0.4421044117647059,0.0,1.0,1.0
1717997400,72,Greed,2024-06-10,280.7776811320755,46587.93,5358.5419,0.27728920754716985,31.266804999999998,0.41509433962264153,0.7924528301886793
1718083800,74,Greed,2024-06-11,8924.726208861788,373279.92,14340.01016,1.0563269349593496,4320.631811,0.926829268292683,1.0
1718170200,72,Greed,2024-06-12,1364.4425952755905,193407.96,37105.51234,0.2516591220472441,-21886.531493,0.452755905511811,0.7519685039370079
1718256600,70,Greed,2024-06-13,180.8725936708861,132577.22,9103.9073,0.4227816455696202,6632.757115,0.9620253164556962,0.9873417721518988
1718343000,74,Greed,2024-06-14,1759.0960645161292,139868.66,11996.0793,1.2565830967741936,10258.592609,1.0,0.5806451612903226
1718429400,74,Greed,2024-06-15,2138.914496153846,718350.25,19129.9948,3.223366012820513,3369.958346,0.11538461538461539,1.0
1718515800,71,Greed,2024-06-16,4.114990909090909,25235.079999999998,6131.6,0.8029342727272727,0.0,0.0,1.0
1718602200,71,Greed,2024-06-17,1595.9607578947368,368380.12,25157.9899,3.3929743421052634,10599.502375,0.8421052631578947,1.0
1718688600,74,Greed,2024-06-18,2787.8253600000003,263314.79,1932.406,2.68641032,282.57636,0.84,0.84
1718775000,64,Greed,2024-06-19,1563.7263098360656,417071.12,20115.6935,2.276258081967213,4887.656944,0.04918032786885246,0.9016393442622951
1718861400,60,Greed,2024-06-20,374.05558,207990.8,51788.7982,0.3453602564102564,57478.456026,0.0,1.0
1718947800,63,Greed,2024-06-21,877.39821875,176264.49,7984.0992,0.7659637375,773.5582039999999,0.85,1.0
1719034200,53,Neutral,2024-06-22,1765.2402375,169594.27000000002,339.0564,1.6888909166666668,756.876565,0.16666666666666666,0.9166666666666666
1719120600,55,Greed,2024-06-23,3.09,1792.12,578.0,0.035842399999999996,0.0,0.0,0.0
1719207000,51,Neutral,2024-06-24,2708.8659548387095,403002.8,410.2027,3.340354870967742,0.0,0.8064516129032258,0.8709677419354839
1719293400,30,Fear,2024-06-25,3.248285714285714,103099.08,31795.2,0.7364214489795918,4869.353105,0.22448979591836735,1.0
1719379800,46,Neutral,2024-06-26,1472.1298,365190.66000000003,426.5723,1.7715874999999999,4197.732182,0.5694444444444444,0.6388888888888888
1719466200,40,Fear,2024-06-27,1362.6499733333333,130486.95,3230.1536,1.5185337333333335,0.0,0.4,1.0
1719639000,30,Fear,2024-06-29,767.398007192,280095.11,1231633.8638,6.137269746666667,6150.326145,0.4666666666666667,0.92
1719725400,47,Neutral,2024-06-30,724.8069907142857,30520.69,278255.875,1.2184049285714287,0.0,0.35714285714285715,0.21428571428571427
1719811800,53,Neutral,2024-07-01,1312.7375605675,362670.14999999997,1227237.4996,6.645672265625,5065.839308,0.09375,0.6875
1719898200,51,Neutral,2024-07-02,3.4119444444444444,33347.47,11420.300000000001,0.6365961111111111,2421.253116,0.7222222222222222,0.4444444444444444
1719984600,50,Neutral,2024-07-03,2039.0916666666667,179600.66,256.5812,3.479371222222222,1118.387284,1.0,0.6111111111111112
1720071000,44,Fear,2024-07-04,2795.886,430568.01,302.9901,4.5209858,0.0,1.0,0.72
1720157400,29,Fear,2024-07-05,1837.889625,272289.89,5354.8189999999995,2.97283490625,0.0,1.0,0.625
1720243800,26,Fear,2024-07-06,1.10232597125,2490.17,983577.0,14.34809,108.87217799999999,0.7083333333333334,0.9583333333333334
1720330200,29,Fear,2024-07-07,3.9900000000000007,498.75,125.0,0.004987500000000001,61.428942,0.0,0.0
1720416600,28,Fear,2024-07-08,3.19,497.64,156.0,0.0156,0.0,1.0,0.0
1720503000,27,Fear,2024-07-09,4.546446666666666,2736.45,600.0,0.026504533333333337,648.984412,0.0,0.2
1720589400,28,Fear,2024-07-10,2410.4582857142855,687900.21,6773.8043,4.2993757142857145,11977.734907,0.17857142857142858,1.0
1720675800,29,Fear,2024-07-11,3151.1421052631576,169887.02,53.826499999999996,3.1294969999999998,1876.812082,0.5263157894736842,1.0
1720762200,25,Fear,2024-07-12,1621.380905263158,89582.97,6408.3182,1.6502120526315789,1412.314654,1.0,1.0
1720848600,25,Fear,2024-07-13,2416.179635294118,139189.19,119.9226,2.865659411764706,2913.617837,0.0,1.0
1720935000,33,Fear,2024-07-14,3194.1857142857143,84001.13,26.2683,4.200055571428572,0.0,0.0,1.0
1721021400,52,Neutral,2024-07-15,2752.5296153846157,198344.85,249.8487,2.653683423076923,-1.0,0.07692307692307693,1.0
1721107800,65,Greed,2024-07-16,3446.881818181818,144000.57,41.7464,2.290917318181818,0.0,0.0,1.0
1721194200,69,Greed,2024-07-17,92.99230740740741,626005.53,148888.4638,0.5886094387464388,1859.269477,0.4415954415954416,0.9316239316239316
1721280600,61,Greed,2024-07-18,2995.8028266666665,649704.85,2916.6704,3.7899444,3803.884311,1.0,1.0
1721367000,60,Greed,2024-07-19,8050.626695652173,150269.42,800.5319999999999,2.2867081739130435,2155.891114,0.043478260869565216,1.0
1721453400,74,Greed,2024-07-20,124.94923650375941,244362.21,32883.8745,0.30360307518797,2299.169566,0.15413533834586465,0.8045112781954887
1721539800,74,Greed,2024-07-21,27.973419642857145,234307.46,59706.7453,0.14447174107142854,-2960.716887,0.5334821428571429,0.5178571428571429
1721626200,70,Greed,2024-07-22,481.8778051948052,304213.8,19037.4927,0.6328541298701299,1517.119876,0.6688311688311688,0.4155844155844156
1721712600,71,Greed,2024-07-23,23.578924594594596,358526.54,65463.9188,0.16011655675675676,89890.302206,0.37027027027027026,0.22702702702702704
1721799000,69,Greed,2024-07-24,115.88352861011111,69207.93,109521.54280475,0.6118586555555555,625.561479,0.6,0.9777777777777777
1721885400,68,Greed,2024-07-25,2688.136446210769,528555.31,398195.65057999996,2.8741784102564103,916.7382600000001,0.9871794871794872,0.9743589743589743
1721971800,68,Greed,2024-07-26,826.2452972302632,548587.65,269229.167597,1.3589935197368421,2766.513113,0.28289473684210525,0.9539473684210527
1722058200,72,Greed,2024-07-27,2922.802513681579,905199.75,2091.77823,5.558243754385964,6400.623656,0.15789473684210525,1.0
1722144600,71,Greed,2024-07-28,607.7397125,43254.68,4913.6029,0.946195125,587.29903,0.9375,1.0
1722231000,74,Greed,2024-07-29,48349.08078974359,327199.14,5057.07922,2.9364021538461538,330.80445399999996,0.46153846153846156,1.0
1722317400,67,Greed,2024-07-30,3295.4833333333336,36006.47,10.9261,2.1003773333333333,0.0,1.0,1.0
1722403800,61,Greed,2024-07-31,256.78039232558143,84506.54,44585.1777,0.6878434186046513,765.690884,0.3953488372093023,1.0
1722490200,52,Neutral,2024-08-01,18740.473002526316,227774.53,292827.2818435,1.8964041403508771,167.080017,0.8245614035087719,0.9122807017543859
1722576600,57,Greed,2024-08-02,14406.321016984128,396320.37,68333.3740408,2.3098486031746033,782.3681909999999,0.6666666666666666,0.9841269841269841
1722663000,37,Fear,2024-08-03,2718.8256902127027,290532.86,71917.87894000001,2.936570432432432,464.1897,0.972972972972973,0.972972972972973
1722749400,34,Fear,2024-08-04,11138.705859755904,1207744.07,227049.7193107,3.5110412204724413,-122672.000883,0.47244094488188976,0.9763779527559056
1722835800,26,Fear,2024-08-05,14847.670722625,420495.4,422142.75432,2.533989475,-13013.665169,0.5125,0.925
1722922200,17,Extreme Fear,2024-08-06,1056.048024274299,61478.38,305641.96643,0.5852455981308411,267.318048,0.7102803738317757,0.9158878504672897
1723008600,29,Fear,2024-08-07,1.594288883939394,2492.77,29210.93451012,0.11370314545454546,188.789255,0.36363636363636365,0.42424242424242425
1723095000,20,Extreme Fear,2024-08-08,520.3884688888888,16299.35,14545.8545382,0.7386661111111111,-40.712216999999995,0.5555555555555556,0.6666666666666666
1723181400,48,Neutral,2024-08-09,4675.996384345139,503204.86,84372.3108,1.2864887547222221,18082.071276,0.375,0.9722222222222222
1723267800,40,Fear,2024-08-10,1.8675185526136362,11339.29,155667.97957,0.5691271352272728,0.0,0.9886363636363636,0.9659090909090909
1723354200,39,Fear,2024-08-11,892.9076233333334,44230.21,95524.24650000001,1.7054702916666666,847.7766200000001,0.6666666666666666,0.9166666666666666
1723440600,25,Fear,2024-08-12,855.5521279583332,54167.32,59463.483204000004,0.7514978124999999,858.6705000000001,0.8125,1.0
1723527000,31,Fear,2024-08-13,458.5604338260869,20797.87,147711.88290362002,0.7796903043478259,212.08102,0.8695652173913043,1.0
1723613400,30,Fear,2024-08-14,971.82196148,66710.03,73630.204824,1.8597242399999998,2168.9015130000003,0.76,1.0
1723699800,29,Fear,2024-08-15,0.032253416666666666,1522.3700000000001,47151.0,1.3752175,0.0,1.0,1.0
1723786200,27,Fear,2024-08-16,13243.149667228572,166382.84,68634.52886,2.3196554857142857,825.230544,0.9142857142857143,1.0
1723872600,25,Fear,2024-08-17,0.17191166666666666,30248.96,178685.85,0.5698846333333333,-288.283113,0.9666666666666667,0.0
1723959000,31,Fear,2024-08-18,2467.2810786666664,62804.48,23.72880553,1.4654371333333336,307.201888,0.0,1.0
1724045400,28,Fear,2024-08-19,58542.625,100315.03,1.71498,4.38878225,339.69958299999996,0.375,1.0
1724131800,30,Fear,2024-08-20,1739.2645333333332,49914.8,8076.92,1.4558478333333333,192.602844,0.4166666666666667,1.0
1724218200,26,Fear,2024-08-21,141.46601248275863,104990.41,44587.9221,0.2534247103448276,656.200925,0.38620689655172413,1.0
1724391000,34,Fear,2024-08-23,2683.83,63509.56,23.667,2.2228342,1005.30527,0.0,1.0
1724477400,56,Greed,2024-08-24,46230.142857142855,34999.67,5.73838,1.7499831428571428,0.0,0.0,1.0
1724563800,54,Neutral,2024-08-25,19585.087261176468,21950.28,55163.47627,1.5472707647058823,0.0,0.47058823529411764,1.0
1724650200,55,Greed,2024-08-26,2263.875,92611.27,140.9642,5.383821999999999,231.236918,1.0,0.8333333333333334
1724736600,48,Neutral,2024-08-27,372.7858502784,70250.16,87488.24118,1.04107104,0.0,0.98,1.0
1724823000,30,Fear,2024-08-28,15309.777777777777,71160.06999999999,19.876250000000002,2.767336222222222,1333.359645,1.0,1.0
1724909400,29,Fear,2024-08-29,60802.0,9995.85,0.1644,3.498547,0.0,0.0,1.0
1724995800,34,Fear,2024-08-30,11097.769382833334,37233.24,5449.0260444,2.1718626666666663,256.464,0.6666666666666666,1.0
1725082200,29,Fear,2024-08-31,11030.937086423235,107507.43000000001,23355.38432,1.1751563235294118,10.882801,0.3235294117647059,1.0
1725168600,26,Fear,2024-09-01,44.57331249999999,12359.68,5846.961139999999,0.36048841666666664,137.433093,0.5833333333333334,1.0
1725255000,26,Fear,2024-09-02,2426.1,30000.42,12.3657,5.250074,0.0,1.0,1.0
1725427800,27,Fear,2024-09-04,5402.028013264706,131480.97,52210.38311,1.8697125588235293,1065.785132,0.9117647058823529,1.0
1725514200,29,Fear,2024-09-05,7.79e-05,0.84,10818.93703,0.0,0.0,0.0,1.0
1725600600,22,Extreme Fear,2024-09-06,215.73034285714286,39047.1,1449.6331,0.3253922857142857,-1104.856765,0.09523809523809523,1.0
1725773400,29,Fear,2024-09-08,0.11756,0.11,0.93414,0.0,0.0,0.0,1.0
1725859800,26,Fear,2024-09-09,0.0115,4014.4300000000003,349080.0,17.45395,0.0,1.0,0.0
1725946200,33,Fear,2024-09-10,1557.6705000000002,2547.28,66673.7621,2.4301333333333335,-219.729659,0.3333333333333333,0.6666666666666666
1726032600,37,Fear,2024-09-11,1.5e-05,0.54,35870.82982,0.0,0.0,0.0,1.0
1726291800,50,Neutral,2024-09-14,0.010652363636363637,1014.8000000000001,88358.33644,2.7619390909090913,0.0,0.9090909090909091,1.0
1726637400,45,Neutral,2024-09-18,3.120756620689655,13633.5,81796.0,0.2188478827586207,-878.684794,0.07586206896551724,1.0
1726723800,49,Neutral,2024-09-19,0.9843423684210526,1521.8700000000001,81738.0,1.5056663157894736,0.0,1.0,1.0
1726810200,54,Neutral,2024-09-20,17153.90225,332873.38,7603.34105,6.8323144375,9585.03428,0.1875,0.75
1726896600,54,Neutral,2024-09-21,4.30038695652174,165648.12,38533.5,2.5207322173913043,36165.56933,0.0,1.0
1726983000,52,Neutral,2024-09-22,62701.0,19999.739999999998,0.31897,2.3333023333333336,0.0,1.0,1.0
1727069400,50,Neutral,2024-09-23,63672.0,40334.29,0.6335,7.058501000000001,334.760796,0.5,1.0
1727155800,54,Neutral,2024-09-24,0.4286068,7118.63,36943.229999999996,1.2966142,0.0,0.9,0.9
1727242200,59,Greed,2024-09-25,42295.14844444444,52754.130000000005,670.29859,1.9738529999999999,0.0,0.6666666666666666,0.6666666666666666
1727328600,50,Neutral,2024-09-26,24173.9921375,113711.93000000001,8342.780780000001,3.9185255,439.812513,0.0,0.375
1727415000,61,Greed,2024-09-27,11807.956114285715,126097.04,6413.993329999999,0.669701982142857,0.0,0.0,0.17857142857142858
1727501400,64,Greed,2024-09-28,4.101,29199.21,7119.320000000001,0.7007800000000001,0.0,0.0,0.0
1727674200,61,Greed,2024-09-30,6063.712550943396,214669.85,9188.664999999999,0.6192224150943396,2710.626288,0.09433962264150944,0.09433962264150944
1727760600,50,Neutral,2024-10-01,62044.5,139954.32,2.25636,12.2460025,0.0,1.0,1.0
1727847000,42,Fear,2024-10-02,60911.0,99954.34,1.64099,8.746004249999999,0.0,1.0,1.0
1727933400,37,Fear,2024-10-03,26799.238066666665,132935.69,3777.99039,5.169721222222223,100.375782,0.6666666666666666,1.0
1728019800,41,Fear,2024-10-04,0.0011,0.34,307.367829,0.0,0.0,0.0,1.0
1728106200,49,Neutral,2024-10-05,60568.594601856756,605605.74,2278.873416,5.728696513513514,5767.161892,0.24324324324324326,1.0
1728192600,50,Neutral,2024-10-06,62166.40909090909,300130.56,4.8180499999999995,4.774804227272727,130.487079,0.2727272727272727,1.0
1728279000,50,Neutral,2024-10-07,63684.42857142857,219984.65,3.4539,3.6664102857142855,0.0,0.0,1.0
1728365400,49,Neutral,2024-10-08,58825.33341509444,434584.13,414.530151,4.225117222222222,5396.546638,0.9444444444444444,1.0
1728451800,49,Neutral,2024-10-09,61800.92857142857,220399.93,3.5594,5.509997642857143,396.06272,0.7857142857142857,1.0
1728538200,39,Fear,2024-10-10,59323.25,300024.33999999997,5.04899,6.563031875,0.0,1.0,1.0
1728624600,32,Fear,2024-10-11,59195.38462157692,488904.19,4520.60588,6.581392076923077,8885.327477,0.0,1.0
1728711000,49,Neutral,2024-10-12,62726.0,159713.4,2.54599,5.5899684999999995,541.55471,0.7,1.0
1728797400,50,Neutral,2024-10-13,62778.2,60002.42,0.95706,2.1000841,0.0,1.0,1.0
1728883800,48,Neutral,2024-10-14,64693.8,61916.020000000004,0.95706,4.3341208,1913.61958,0.0,1.0
1728970200,65,Greed,2024-10-15,66652.28571428571,81173.36,1.22058,4.058667571428571,1170.2260760000001,0.42857142857142855,1.0
1729056600,73,Greed,2024-10-16,67576.54545454546,80229.17,1.18732,2.5527458181818186,219.480876,0.7272727272727273,1.0
1729143000,71,Greed,2024-10-17,67400.11111111111,140531.75,2.09306,5.465123,36.11496,0.7777777777777778,1.0
1729229400,73,Greed,2024-10-18,67397.0,120331.43000000001,1.78975,7.019333,333.219141,0.16666666666666666,1.0
1729315800,72,Greed,2024-10-19,68391.25,99996.86,1.46394,8.749725250000001,0.0,1.0,1.0
1729402200,73,Greed,2024-10-20,4280.33074875,176447.86000000002,52199.2564,0.6172651979166667,389.155797,0.07291666666666667,0.8229166666666666
1729488600,72,Greed,2024-10-21,4316.762150867052,324117.99,109550.91603,0.6350175895953757,2464.915564,0.45664739884393063,0.9364161849710982
1729575000,70,Greed,2024-10-22,67047.0,60000.36,0.8949,7.000041333333333,0.0,1.0,1.0
1729661400,71,Greed,2024-10-23,30954.322222222225,210006.07,55.42812,4.083450611111111,-46.489941,0.8333333333333334,1.0
1729834200,72,Greed,2024-10-25,56633.085333333336,427883.18,8005.94794,4.794730466666667,13235.862071,0.4666666666666667,0.8333333333333334
1730007000,74,Greed,2024-10-27,67737.75,90664.41,1.33847,7.933135,666.6623079999999,0.0,1.0
1730093400,72,Greed,2024-10-28,52838.49888384615,121495.25,6180.7549500000005,3.2517953846153844,167.28016200000002,0.0,0.7692307692307693
1730179800,72,Greed,2024-10-29,51081.13156396226,613267.8099999999,6307.65733,4.049881396226415,801.170876,0.05660377358490566,1.0
1730266200,77,Extreme Greed,2024-10-30,646.6885008,11830.85,16339.813900000001,0.14387952,9.150023,0.32,0.84
1730352600,77,Extreme Greed,2024-10-31,42753.894183125,896173.36,6851.27557,6.514811000000001,1214.043811,0.875,0.875
1730439000,75,Extreme Greed,2024-11-01,27379.532136956524,260981.03,57939.29527,3.941516304347826,1040.475736,0.5652173913043478,0.9565217391304348
1730525400,72,Greed,2024-11-02,68880.0,40000.0,0.58072,6.9999985,0.0,1.0,1.0
1730611800,74,Greed,2024-11-03,45208.04899166667,129055.66,129416.61818,6.734025333333334,0.0,1.0,0.6666666666666666
1730698200,70,Greed,2024-11-04,49681.014294444445,451811.97,129421.2777,4.392616111111112,2799.410474,0.3611111111111111,1.0
1730784600,70,Greed,2024-11-05,67511.4,200627.23,2.96249,7.021952400000001,678.4759280000001,0.5,1.0
1730871000,70,Greed,2024-11-06,58370.23423933333,123906.9,11683.6737,2.8911606666666665,2817.83723,0.4,1.0
1730957400,77,Extreme Greed,2024-11-07,1338.6989985840708,111335.3,132565.51276,0.23166763168141594,4493.353136,0.4690265486725664,0.4336283185840708
1731043800,75,Extreme Greed,2024-11-08,46749.91446666667,270700.44,8026.56244,2.4071347948717947,-64.41354100000007,0.5897435897435898,0.9743589743589743
1731130200,75,Extreme Greed,2024-11-09,8015.27303244186,193384.41,77022.8972,0.7695872441860464,102.90894,0.6162790697674418,0.7093023255813954
1731216600,78,Extreme Greed,2024-11-10,22619.335545589594,413636.7,840527.93569,0.8226216531791908,991.114334,0.2774566473988439,0.9942196531791907
1731303000,76,Extreme Greed,2024-11-11,6882.198738908847,1570572.42,3050577.40352,1.0641033512064344,6749.630996,0.2520107238605898,0.5576407506702413
1731389400,80,Extreme Greed,2024-11-12,33638.82797450292,1226354.52,144432.45464,2.5023675614035086,3494.399394,0.5730994152046783,0.9766081871345029
1731475800,84,Extreme Greed,2024-11-13,46411.560992520834,515336.37,81116.91647000001,3.7330014166666667,7846.402274,0.3333333333333333,0.9791666666666666
1731562200,88,Extreme Greed,2024-11-14,33402.97117528182,1008361.81,5189260.03874,3.0457163818181816,4563.509225,0.7454545454545455,0.9363636363636364
1731648600,80,Extreme Greed,2024-11-15,47181.7405247651,1427858.42,21773.26548,3.1303859932885905,4140.740438,0.610738255033557,0.7248322147651006
1731735000,86,Extreme Greed,2024-11-16,8005.464557764331,303296.07,163784.50782,0.6380337770700637,2769.521909,0.49044585987261147,0.8980891719745223
1731821400,90,Extreme Greed,2024-11-17,13599.930072669855,1215987.57,118664.53501,1.297185114832536,882.975285,0.3492822966507177,0.6555023923444976
1731907800,83,Extreme Greed,2024-11-18,13431.133118797688,2084339.58,762850.39811,1.286428725433526,4470.815187,0.36127167630057805,0.8670520231213873
1731994200,90,Extreme Greed,2024-11-19,15993.576337872131,628031.15,617141.86239,0.6606128950819672,2958.268991,0.5245901639344263,0.9180327868852459
1732080600,83,Extreme Greed,2024-11-20,9792.793397765454,1999514.1199999999,3357149.9662699997,1.1710133981818183,4210.0928969999995,0.44363636363636366,0.9472727272727273
1732167000,82,Extreme Greed,2024-11-21,7300.062138975701,598300.62,6327019.74521,0.37126778878504674,1692.430891,0.4392523364485981,0.9757009345794393
1732253400,94,Extreme Greed,2024-11-22,9893.695111284242,1646713.62,6863952.50785,0.6427673917525772,-18105.345617,0.48159057437407954,0.9072164948453608
1732339800,93,Extreme Greed,2024-11-23,4723.455523900826,516245.68,1853295.87574,0.4259555564738292,2901.531638,0.4132231404958678,0.9449035812672176
1732426200,80,Extreme Greed,2024-11-24,19953.478843476743,664952.28,354313.50949,1.1778088720930233,945.550386,0.5988372093023255,0.9651162790697675
1732512600,82,Extreme Greed,2024-11-25,14680.957598172548,937410.87,531097.97884,1.1128615725490196,5523.740734,0.49411764705882355,0.9529411764705882
1732599000,79,Extreme Greed,2024-11-26,10192.743361337749,1146902.44,2007687.4917,1.0307896622516557,1094.809359,0.652317880794702,0.7913907284768212
1732685400,75,Extreme Greed,2024-11-27,19940.432149488264,1444242.53,384052.49735,2.0643874929577466,-2654.495633,0.3380281690140845,0.9671361502347418
1732771800,77,Extreme Greed,2024-11-28,4420.7387338072285,1894225.15,30569.13728,0.9505482198795182,-127075.39958499999,0.6234939759036144,0.7319277108433735
1732858200,78,Extreme Greed,2024-11-29,1859.8201062210942,794262.91,683964.22416,0.48969907269720103,176844.994152,0.37659033078880405,0.6895674300254453
1732944600,84,Extreme Greed,2024-11-30,3435.1424477873725,1732193.7,271197.97742435,1.4808990335120644,37316.69352,0.2761394101876676,0.8793565683646113
1733031000,81,Extreme Greed,2024-12-01,6389.235122030456,814711.82,3560119.23642001,0.5898647869711539,40886.364494,0.34615384615384615,0.8966346153846154
1733117400,80,Extreme Greed,2024-12-02,6137.360651434223,585243.56,210965.83884,0.5477326429259259,18489.604313,0.5777777777777777,0.9518518518518518
1733203800,76,Extreme Greed,2024-12-03,2354.399729529412,1084666.53,251246.61252,0.8838852719518716,23576.539285,0.45454545454545453,0.9625668449197861
1733290200,78,Extreme Greed,2024-12-04,3922.991142316614,769287.65,13484938.200452391,0.5410859487460815,292891.815021,0.30094043887147337,0.7115987460815048
1733376600,84,Extreme Greed,2024-12-05,4881.7428253070175,1256750.79,75629.96987,0.7736090421710526,71574.11848800001,0.42105263157894735,0.7828947368421053
1733463000,72,Greed,2024-12-06,15604.850347196028,3471019.22,108676.63024,1.7171061684119107,-92624.643895,0.5086848635235732,0.7146401985111662
1733549400,75,Extreme Greed,2024-12-07,1359.7200135328949,451733.42,1291173.42509178,0.3567501246710526,85906.279067,0.3618421052631579,0.7598684210526315
1733635800,79,Extreme Greed,2024-12-08,1787.932218347619,932939.72,930353.7121,0.5575687701428572,15965.933436,0.19523809523809524,0.7452380952380953
1733722200,78,Extreme Greed,2024-12-09,3534.2818935269015,983949.68,170346.94181,0.32425498410018555,6310.967676,0.8441558441558441,0.7717996289424861
1733808600,78,Extreme Greed,2024-12-10,2885.2128903966163,3150424.08,2869587.4983333,0.2841733617481203,39325.770231,0.33208020050125314,0.4573934837092732
1733895000,74,Greed,2024-12-11,4356.6742505249795,2194098.33,371860.94751,0.3386643980835381,319051.554217,0.14004914004914004,0.3751023751023751
1733981400,83,Extreme Greed,2024-12-12,2265.6843708274846,4557189.87,1644131.25544,0.361783359994824,599151.795008,0.2179089026915114,0.3747412008281574
1734067800,76,Extreme Greed,2024-12-13,4577.503724812446,2880824.64,548827.41916,0.3863831000511509,31935.901745,0.5763000852514919,0.5524296675191815
1734154200,83,Extreme Greed,2024-12-14,2159.9074581732793,2369561.78,375074.5156657,0.1879282955708502,167801.399244,0.4817813765182186,0.345748987854251
1734240600,80,Extreme Greed,2024-12-15,1595.8074837011786,2583269.81,832940.28064,0.13631736616381848,97525.315279,0.6664702416028285,0.4938126104890984
1734327000,83,Extreme Greed,2024-12-16,3014.2459456306633,2740808.97,163627.84630525,0.38118488720379146,166774.344133,0.4009478672985782,0.418957345971564
1734413400,87,Extreme Greed,2024-12-17,1052.0018582095724,5233597.63,1563454.83822607,0.38441029674394644,219591.305172,0.43843379701184954,0.4348274085522926
1734499800,81,Extreme Greed,2024-12-18,5035.001314213366,3798887.07,845985.81701106,0.48386841862141355,13682.994673,0.5003498950314905,0.4541637508747376
1734586200,75,Extreme Greed,2024-12-19,2950.7475688442946,8241709.39,10741588.93356383,0.3163321890026954,62744.004486000005,0.35968852949985025,0.3743635819107517
1734672600,74,Greed,2024-12-20,1281.1534623320258,7681274.71,1705118.67043015,0.486671344766881,254969.660039,0.4537781350482315,0.452572347266881
1734759000,73,Greed,2024-12-21,3657.2952470862583,4382875.12,140974.53887,0.40475407324806667,150022.163157,0.3545508625817965,0.4776918500892326
1734845400,73,Greed,2024-12-22,1463.3598931589147,3087320.22,345463.80597,0.4303060006847545,352197.163973,0.5788113695090439,0.35658914728682173
1734931800,70,Greed,2024-12-23,1741.0217452281254,6771878.26,715969.51279,0.5116731770643375,-29430.626577,0.4414145717937793,0.7013208351086493
1735018200,73,Greed,2024-12-24,11362.672453045592,1767036.11,1250239.96550993,1.1443267462426037,14813.780116,0.34911242603550297,0.7248520710059172
1735104600,73,Greed,2024-12-25,3392.6270428030766,347889.35,146457.6319,0.3198018375961538,756.6570469999998,0.41346153846153844,0.8557692307692307
1735191000,79,Extreme Greed,2024-12-26,4755.660897423242,2205242.65,638858.34855,0.7508737424390244,60228.639722,0.5351506456241033,0.6757532281205165
1735277400,74,Greed,2024-12-27,13201.857670753847,347913.0,126942.29191416,0.3405986407692308,2672.811035,0.5269230769230769,0.5846153846153846
1735363800,72,Greed,2024-12-28,4138.285644782609,281555.01,20079.81002,0.30067386726708073,940.673623,0.35403726708074534,0.5590062111801242
1735450200,73,Greed,2024-12-29,7062.877761626865,344628.54,118786.58075,0.35879282139303487,2884.067927,0.34328358208955223,0.6119402985074627
1735536600,65,Greed,2024-12-30,12587.64033930592,1073865.73,185994.29871,0.9371918436842105,9009.738137,0.6019736842105263,0.7894736842105263
1735623000,64,Greed,2024-12-31,28739.599964186276,877164.62,6259129.5589000005,0.8709686638235294,5445.01281,0.46078431372549017,0.8300653594771242
1735709400,66,Greed,2025-01-01,8822.579264114584,282582.1,34746.99172,0.3292123146875,-9528.065345,0.7083333333333334,0.84375
1735795800,70,Greed,2025-01-02,10094.891613861495,774674.84,398599.55802,0.4879215878947369,8716.519087,0.296398891966759,0.7423822714681441
1735882200,74,Greed,2025-01-03,9803.075828159448,771208.99,380142.44466,0.41535007246062994,6028.486793,0.33267716535433073,0.7618110236220472
1735968600,73,Greed,2025-01-04,7797.149899172507,1826029.6199999999,195756.23854,0.6299514043126685,2553.537968,0.20485175202156333,0.601078167115903
1736055000,72,Greed,2025-01-05,7824.165539405858,451943.57,260134.01253,0.5830192927615063,3187.719363,0.2719665271966527,0.7238493723849372
1736141400,76,Extreme Greed,2025-01-06,7217.135723097731,556526.99,611516.516,0.30528985732984293,6064.185393,0.2582897033158813,0.7137870855148342
1736227800,78,Extreme Greed,2025-01-07,9068.043705916796,1313178.1,2132880.27843,0.4762738659811617,16098.227531,0.8822605965463108,0.5792778649921507
1736314200,70,Greed,2025-01-08,6518.9895779990375,3177275.18,1312943.32691,0.6707535229836381,130117.090554,0.7170356111645814,0.8229066410009624
1736400600,69,Greed,2025-01-09,6362.8980927356315,1020733.25,384912.5035,0.5278041751532567,46975.928902,0.3850574712643678,0.8237547892720306
1736487000,50,Neutral,2025-01-10,31588.405895721615,6547449.68,1072005.86667,2.55699532973138,-10116.875552,0.4468864468864469,0.8046398046398047
1736573400,69,Greed,2025-01-11,30131.135140431095,1658098.71,101784.5848,1.747872711484099,2269.080536,0.5865724381625441,0.9187279151943463
1736659800,62,Greed,2025-01-12,12893.280709518272,2258459.17,675113.69138,1.0167487586378738,5742.241803,0.1345514950166113,0.31561461794019935
1736746200,61,Greed,2025-01-13,29317.207596281864,2936648.0100000002,966689.30996,2.1154414823039214,9655.429352,0.5882352941176471,0.8112745098039216
1736832600,63,Greed,2025-01-14,21343.217767563634,876581.97,122308.58172999999,0.8748765435636364,16069.512355,0.33454545454545453,0.7854545454545454
1736919000,70,Greed,2025-01-15,28411.1857780412,1801599.8900000001,279128.23766,1.923629194082397,14819.5883,0.34831460674157305,0.8052434456928839
1737005400,75,Extreme Greed,2025-01-16,30076.24313476011,3049692.96,274860.5318,2.400455978328841,20807.709328,0.30727762803234504,0.8059299191374663
1737091800,75,Extreme Greed,2025-01-17,8905.736269495797,1110230.46,326667.15395,1.4765321381932774,7006.415608,0.39915966386554624,0.8865546218487395
1737178200,77,Extreme Greed,2025-01-18,9620.95311349616,2711629.88,3127473.39578,1.2533551481720429,443.2330819999997,0.5422427035330261,0.8540706605222734
1737264600,77,Extreme Greed,2025-01-19,6104.771320986599,9715215.3,648272.56682,1.3799334012188897,87923.799302,0.5366943203573707,0.6713465220165922
1737351000,76,Extreme Greed,2025-01-20,16330.118057409887,8287327.01,1713831.28674,1.6788287601977185,87277.239173,0.5741444866920152,0.6425855513307985
1737437400,76,Extreme Greed,2025-01-21,19761.02999872815,1523729.82,397160.12423,0.7515174816981132,11077.839421,0.27358490566037735,0.9528301886792453
1737523800,84,Extreme Greed,2025-01-22,8344.303495522838,1778406.43,2769093.11334,0.5663102641346154,20524.408057,0.35697115384615385,0.8834134615384616
1737610200,75,Extreme Greed,2025-01-23,6983.956473275615,3697028.66,4017172.7302,0.8935549012151067,101256.24216,0.4605911330049261,0.9137931034482759
1737696600,75,Extreme Greed,2025-01-24,5079.286193251716,1611433.45,1141046.60679,0.3874640744851259,10602.779738,0.4096109839816934,0.8123569794050344
1737783000,75,Extreme Greed,2025-01-25,3985.267088405138,1239377.7,702069.15524,0.6303038775889328,-10348.016255999999,0.6225296442687747,0.857707509881423
1737869400,73,Greed,2025-01-26,18.065921855875832,1201173.66,1943287.75,0.8475790559423504,40823.466668,0.3902439024390244,0.7627494456762749
1737955800,71,Greed,2025-01-27,11661.276710637774,1508028.31,2637972.50323,0.5255616654980595,41331.765392,0.6597671410090556,0.7373868046571799
1738042200,72,Greed,2025-01-28,6429.960821865462,579412.17,6818219.08054623,0.2504222582931727,17979.613973,0.3152610441767068,0.6485943775100401
1738128600,72,Greed,2025-01-29,581.4878012956043,1897513.41,5136374.4615,0.6731001594395605,23421.01147,0.48131868131868133,0.9483516483516483
1738215000,70,Greed,2025-01-30,8261.57404625867,3014397.17,1587617.43128,0.8197292556044986,23097.471385,0.25023430178069356,0.837863167760075
1738301400,76,Extreme Greed,2025-01-31,6716.441229059054,2783411.48,4156508.54969,0.6603720979429134,35868.296773,0.31791338582677164,0.6122047244094488
1738387800,68,Greed,2025-02-01,4211.306208217666,1363746.44,6531578.90293,0.45027978216088327,32300.205017,0.555205047318612,0.6861198738170347
1738474200,60,Greed,2025-02-02,5409.088864621683,5661092.29,2856407.23053,0.897742296595906,162854.759623,0.6315390447308568,0.8165276724791509
1738560600,44,Fear,2025-02-03,4859.416197735714,22592901.37,12993753.49954967,1.2569603462436976,348871.326269,0.4584033613445378,0.4899159663865546
1738647000,72,Greed,2025-02-04,15703.124947818073,15678409.27,1144231.01994,1.5341475174920383,416876.88812,0.455015923566879,0.4637738853503185
1738733400,54,Neutral,2025-02-05,21926.164488164224,8743231.51,1176756.31614,1.029876342845027,56706.235562,0.5312259059367772,0.5489591364687741
1738819800,49,Neutral,2025-02-06,2869.875065266001,2818508.87,2498575.95852,0.41640068033470345,33803.799733,0.6829125073399882,0.5918966529653552
1738906200,44,Fear,2025-02-07,23967.33330591798,3460263.54,33942918.12908,0.4843105238451444,22450.002091,0.6279527559055118,0.34711286089238846
1738992600,44,Fear,2025-02-08,17096.856943027826,839734.97,1140156.72729,0.1912631064,586.703253,0.7843478260869565,0.14956521739130435
1739079000,46,Neutral,2025-02-09,1661.4545370450262,2920919.7,4514415.83014,0.5593741164397905,150551.829492,0.5602094240837696,0.4829842931937173
1739165400,43,Fear,2025-02-10,34318.415525228345,3624958.44,9002006.58675,0.5527135456692913,63908.49465,0.4049493813273341,0.3858267716535433
1739251800,47,Neutral,2025-02-11,19989.86707794811,2797544.17,1275165.26114,0.5618279809551887,-6093.784817,0.4268867924528302,0.7535377358490566
1739338200,46,Neutral,2025-02-12,20122.266069995152,4143974.54,1189000.53382,1.0661057528031037,19848.635032,0.3937924345295829,0.7546071774975752
1739424600,50,Neutral,2025-02-13,19088.377477377373,3199852.21,16842271.94634,0.6010857547591241,27829.534238,0.43284671532846714,0.5693430656934306
1739511000,48,Neutral,2025-02-14,20052.512642015045,4007103.42,199298.33239999998,0.5810137255287009,213860.675308,0.3214501510574018,0.6181268882175227
1739597400,50,Neutral,2025-02-15,11469.872673227468,1712852.95,14110781.75544,0.4013812425107296,45042.92701,0.6148068669527897,0.38626609442060084
1739683800,54,Neutral,2025-02-16,3744.413148171806,806177.64,121778.07806,0.25194127060205584,2369.478425,0.5066079295154186,0.3744493392070485
1739770200,51,Neutral,2025-02-17,4732.56718405526,2031044.64,142023.06547,0.26938018665249736,1818.573295,0.6620616365568545,0.6843783209351754
1739856600,47,Neutral,2025-02-18,6687.4516690757755,3371128.68,44567445.99253,0.3636869945763723,91204.672403,0.6270883054892601,0.619928400954654
1739943000,44,Fear,2025-02-19,18063.043201803306,3263930.24,52433745.56607,0.505868809331374,14985.794701,0.6348273328434975,0.56208670095518
1740029400,49,Neutral,2025-02-20,16106.864259217198,4628609.29,8120815.47315,0.6125566723409542,46008.794102,0.39165009940357853,0.4418489065606362
1740115800,55,Greed,2025-02-21,15982.61099378804,3972159.88,8091976.01041,0.4429889555632675,119693.49395,0.397223705285638,0.3107314468766684
1740202200,49,Neutral,2025-02-22,16330.238533271136,3175570.2,12684469.99018,1.2830388250291545,25278.704178,0.5247813411078717,0.6676384839650146
1740288600,50,Neutral,2025-02-23,6653.326019425,1141310.74,4992764.71522,0.44231292148076923,10656.934251,0.5442307692307692,0.5230769230769231
1740375000,49,Neutral,2025-02-24,415.2820556340812,11223619.59,1627461.28492,0.3735691654629629,38470.176242,0.5795940170940171,0.26655982905982906
1740461400,25,Fear,2025-02-25,1141.5425229423631,19414984.36,4702977.52916,0.5101849286439322,204762.177034,0.6781940441882806,0.43307716938840857
1740547800,21,Extreme Fear,2025-02-26,1021.7923438341836,4946958.13,2603873.84311,0.6413031859438775,63229.063129,0.32908163265306123,0.5578231292517006
1740634200,10,Extreme Fear,2025-02-27,3783.741142521348,1999898.43,355587.03535,0.5754449138314607,-36525.167517,0.45617977528089887,0.7191011235955056
1740720600,16,Extreme Fear,2025-02-28,2374.567007783121,4123660.77,283176.4143,0.8620198861236507,225628.108748,0.5201177625122669,0.6427870461236507
1740807000,20,Extreme Fear,2025-03-01,3119.315583793103,263824.13,252969.30428563,0.21300888155172415,10596.108968,0.603448275862069,0.5977011494252874
1740893400,26,Fear,2025-03-02,9371.077831221804,6460848.74,256166.66921,3.6310092894924813,66914.320708,0.5150375939849624,0.7011278195488722
1740979800,33,Fear,2025-03-03,3500.2799614203777,8244590.38,1215235.7347,0.7021349813900135,616413.032233,0.7213225371120108,0.3144399460188934
1741066200,15,Extreme Fear,2025-03-04,2545.786879941715,11124247.15,949350.55796,0.9243698939550374,182075.566585,0.7277268942547876,0.6544546211490425
1741152600,20,Extreme Fear,2025-03-05,3657.355850823494,9193654.22,656600.24214,1.398386452319277,269328.365917,0.22590361445783133,0.8849397590361445
1741239000,25,Fear,2025-03-06,5795.717284914474,6765324.96,134593.06631,1.7192331095526316,16101.125561,0.4881578947368421,0.5605263157894737
1741325400,34,Fear,2025-03-07,4468.829034675548,19854275.48,1338194.4536,1.9265286233816614,150236.061627,0.4807993730407524,0.7735109717868338
1741411800,28,Fear,2025-03-08,3131.854198517958,892083.51,4468405.21703,0.393837,24700.773359,0.5444234404536862,0.6540642722117203
1741498200,27,Fear,2025-03-09,806.5426083241913,10419697.99,246318.30604,1.6716342663853727,19773.457395,0.6659634317862166,0.659634317862166
1741584600,20,Extreme Fear,2025-03-10,2998.767983825833,16811790.68,726179.78717,1.1983416252937136,-10010.027269999999,0.539333562349708,0.7409824802473377
1741671000,24,Extreme Fear,2025-03-11,2341.3900885374314,14016952.09,21838514.43294,0.7428728673280585,-76880.729036,0.6451612903225806,0.39044430919050516
1741757400,34,Fear,2025-03-12,4000.6491172159776,18618139.15,12354990.93712,0.9219792268069555,288105.984215,0.41507056451612906,0.5892137096774194
1741843800,45,Neutral,2025-03-13,5443.617843656964,3285591.22,740713.05351,0.8411504232536382,14114.870873,0.4864864864864865,0.8326403326403327
1741930200,27,Fear,2025-03-14,4004.7944216610863,8047187.16,334096.57324,0.5400394004162896,68646.160089,0.1343891402714932,0.2502262443438914
1742016600,46,Neutral,2025-03-15,23597.128657252873,2355749.54,3040228.53161,2.2005091494252875,78694.624572,0.5900383141762452,0.7203065134099617
1742103000,30,Fear,2025-03-16,50519.7275055283,10187921.51,407202.2754,4.608458494679245,-7910.943544999999,0.5735849056603773,0.6811320754716981
1742189400,32,Fear,2025-03-17,9535.147864272825,3592895.05,4511462.99931,0.8779782695434782,26163.906513,0.525,0.5858695652173913
1742275800,34,Fear,2025-03-18,11904.990233124701,4050655.47,1280331.60433,1.0287003968824942,72322.788824,0.4088729016786571,0.4832134292565947
1742362200,32,Fear,2025-03-19,15006.281201493797,4598813.57,819323.64098,0.48665637159950376,29374.682341,0.34925558312655086,0.5024813895781638
1742448600,49,Neutral,2025-03-20,2358.06017454345,1652257.93,1015534.77546,0.4270239247730221,10246.859436,0.3086900129701686,0.6394293125810635
1742535000,31,Fear,2025-03-21,4097.717261760745,2543903.39,2651304.56857,0.9075367948853869,6951.270374,0.49570200573065903,0.8108882521489972
1742621400,32,Fear,2025-03-22,3803.037827611215,971809.42,1556446.62807,0.5024949569532711,12498.535254,0.41495327102803736,0.908411214953271
1742707800,30,Fear,2025-03-23,5709.453012297539,2593519.67,493230.15874,1.3360537226621925,14047.421585,0.6487695749440716,0.7114093959731543
1742794200,45,Neutral,2025-03-24,3414.229185942551,3017587.05,617462.1934,0.5171425037682571,107878.961301,0.2074001947419669,0.7400194741966893
1742880600,46,Neutral,2025-03-25,11769.79868919722,5372519.77,1250187.07465,1.771623243704172,32030.90678,0.5335018963337548,0.9127686472819216
1742967000,47,Neutral,2025-03-26,1063.4996657601548,7597754.37,4861551.17817,0.5792403340070922,15802.167427,0.5074145712443585,0.8617021276595744
1743053400,40,Fear,2025-03-27,9118.37818057707,3240279.46,686430.81325,0.9095848653503186,58825.359221,0.6038216560509554,0.6
1743139800,44,Fear,2025-03-28,7612.338172063187,1483092.61,1624633.89783,0.5347299382554945,21337.179335,0.7321428571428571,0.8379120879120879
1743226200,26,Fear,2025-03-29,2414.803543719641,3668151.83,1428890.01432,0.4434237141605069,12098.872931,0.5263991552270327,0.7164730728616684
1743312600,32,Fear,2025-03-30,7603.879054272887,2850874.96,697951.78635694,1.3363939318133804,15795.11514,0.8415492957746479,0.6390845070422535
1743399000,34,Fear,2025-03-31,8426.110126818183,2164772.4699999997,1241557.92206,0.973740668909091,6978.184557,0.43232323232323233,0.701010101010101
1743485400,34,Fear,2025-04-01,11425.36599246875,704445.1900000001,922157.5379400001,0.8486249730208333,-2202.6622420000003,0.4791666666666667,0.7916666666666666
1743571800,44,Fear,2025-04-02,7414.856134767658,3867930.6,3768092.12272,1.0977909274163569,202212.740938,0.11895910780669144,0.8420074349442379
1743658200,25,Fear,2025-04-03,4420.623526697368,8670233.15,5323868.72889,0.7649421354118993,-2365.961276,0.5469107551487414,0.5377574370709383
1743744600,28,Fear,2025-04-04,4732.811766900943,3835545.73,1425479.21115,0.6572825545290881,-25515.678949999998,0.3922955974842767,0.7209119496855346
1743831000,30,Fear,2025-04-05,10940.511464127778,1267564.22,1578033.86483985,0.7835009555555555,35907.33771,0.38333333333333336,0.7888888888888889
1743917400,34,Fear,2025-04-06,4081.8439489007637,3551252.06,1050029.91139322,0.5901106036579199,47053.449272,0.6469465648854962,0.5696564885496184
1744003800,23,Extreme Fear,2025-04-07,10523.865138202558,14460253.14,3912056.53206,0.9831396948837599,34527.370305,0.5028429282160626,0.4683724235963042
1744090200,24,Extreme Fear,2025-04-08,31685.96511792683,8869391.4,954031.23507265,2.412489598154825,34899.394798,0.4559915164369035,0.6277836691410392
1744176600,18,Extreme Fear,2025-04-09,13917.529131650617,28556806.47,3010140.18608,1.5405279450955383,43120.444797,0.44466851525081924,0.3884547517015377
1744263000,39,Fear,2025-04-10,39246.50578036154,28741953.29,3124622.850807684,3.229222614377997,158261.822261,0.5345557122708039,0.5444287729196051
1744349400,25,Fear,2025-04-11,18896.037772089418,11319327.07,631096.46176,1.983977261031113,126406.479081,0.2846715328467153,0.39507299270072993
1744435800,43,Fear,2025-04-12,52901.409214082974,55914617.49,1734379.95047,5.461164710505927,410419.694533,0.3793266951161688,0.8231389284020862
1744522200,45,Neutral,2025-04-13,32683.551292376986,14171154.79,2596596.5766481,1.9442363514495837,48696.021521,0.5594246782740349,0.570779712339137
1744608600,31,Fear,2025-04-14,32893.321598730334,13079972.98,255226.28703,2.273210919738202,45680.443063,0.5808988764044943,0.698876404494382
1744695000,38,Fear,2025-04-15,63863.56281482317,20752168.24,332384.0955165,1.6506673380990273,72357.706282,0.3041556145004421,0.2581786030061892
1744781400,29,Fear,2025-04-16,48069.123414856964,36502715.9,685571.47402,3.7298618813992537,58631.730257,0.5192786069651741,0.5914179104477612
1744867800,30,Fear,2025-04-17,1747.3123040737148,2604551.51,660171.85707,0.5035972230067896,5427.919886,0.33074684772065954,0.8302618816682832
1744954200,33,Fear,2025-04-18,15666.24511019377,24610650.46,319091.03943,2.4642702913252377,4880.4047439999995,0.3986272439281943,0.8875395987328405
1745040600,32,Fear,2025-04-19,16014.825865230438,32706462.71,2681599.08734239,2.32614010505743,71950.577495,0.35857860732232594,0.8122756640344581
1745127000,37,Fear,2025-04-20,7953.09440782997,12126094.05,1811225.3165795,0.9522349183177599,25060.341936,0.5443995963673057,0.7623612512613521
1745213400,39,Fear,2025-04-21,41859.99143913446,42104054.84,2333025.83098,3.699703762444703,34369.267906999994,0.35157159487776485,0.6065192083818394
1745299800,47,Neutral,2025-04-22,15070.37095092762,33753625.24,32699511.7848947,1.917840477318212,58652.763578,0.47364909939959976,0.8205470313542361
1745386200,72,Greed,2025-04-23,12725.948066658386,30682443.79,70800498.21052,1.1920897616301347,-419020.225731,0.6848514369215781,0.3956811170644585
1745472600,63,Greed,2025-04-24,42081.60551729973,35088918.64,4275681.15339,3.30040336914664,50704.395965,0.5479390681003584,0.5282258064516129
1745559000,60,Greed,2025-04-25,33876.77419571567,27749455.78,3290588.8704794,3.8107037233745915,20218.859206,0.41197822141560797,0.6950998185117967
1745645400,65,Greed,2025-04-26,24357.80254500265,11948127.77,8474693.58638,2.3450988094783374,-4125.753942,0.5340406719717065,0.6534040671971706
1745731800,61,Greed,2025-04-27,13133.751885486648,487537.69,3887430.28472,0.16595481500356082,2702.067468,0.6201780415430267,0.3827893175074184
1745818200,54,Neutral,2025-04-28,58469.14186169688,26124921.49,215249.28118,4.356237420979043,36906.813759,0.47280638143582304,0.8564176939811458
1745904600,60,Greed,2025-04-29,28548.785993098085,34089511.66,297481.95515,2.295717916697771,125749.613427,0.49264378065091396,0.6937137761925992
1745991000,56,Greed,2025-04-30,35649.303644469,12693878.85,155976.10227,2.6506592748207547,14003.797269,0.7529200359389039,0.660377358490566
1746077400,53,Neutral,2025-05-01,12672.104182341463,10720240.52,101855.22113,2.1565964861510567,54536.829297000004,0.5577235772357724,0.6105691056910569
